[
  {
    "value": "[AI Speech]",
    "text": "AI Speech"
  },
  {
    "value": "[Alarm Clock]",
    "text": "Alarm Clock"
  },
  {
    "value": "[Alien Abduction]",
    "text": "Alien Abduction"
  },
  {
    "value": "[Alien Language]",
    "text": "Alien Language"
  },
  {
    "value": "[Alien Sounds]",
    "text": "Alien Sounds"
  },
  {
    "value": "[Amusement Park]",
    "text": "Amusement Park"
  },
  {
    "value": "[Applause]",
    "text": "Applause"
  },
  {
    "value": "[Armor Equip]",
    "text": "Armor Equip"
  },
  {
    "value": "[Arrow Shot]",
    "text": "Arrow Shot"
  },
  {
    "value": "[Art Gallery]",
    "text": "Art Gallery"
  },
  {
    "value": "[Artificial Intelligence]",
    "text": "Artificial Intelligence"
  },
  {
    "value": "[Audience Laughter]",
    "text": "Audience Laughter"
  },
  {
    "value": "[Autumn Harvest]",
    "text": "Autumn Harvest"
  },
  {
    "value": "[Autumn Leaves]",
    "text": "Autumn Leaves"
  },
  {
    "value": "[Autumn Leaves]",
    "text": "Autumn Leaves"
  },
  {
    "value": "[Autumn Reflection]",
    "text": "Autumn Reflection"
  },
  {
    "value": "[Autumn Serenity]",
    "text": "Autumn Serenity"
  },
  {
    "value": "[Autumn Whisper]",
    "text": "Autumn Whisper"
  },
  {
    "value": "[Autumn Wind]",
    "text": "Autumn Wind"
  },
  {
    "value": "[Avalanche]",
    "text": "Avalanche"
  },
  {
    "value": "[Baby Crying]",
    "text": "Baby Crying"
  },
  {
    "value": "[Baby Laughing]",
    "text": "Baby Laughing"
  },
  {
    "value": "[Banana Peel Slip]",
    "text": "Banana Peel Slip"
  },
  {
    "value": "[Banjo Music]",
    "text": "Banjo Music"
  },
  {
    "value": "[Bass Drop]",
    "text": "Bass Drop"
  },
  {
    "value": "[Bee Buzzing]",
    "text": "Bee Buzzing"
  },
  {
    "value": "[Bell]",
    "text": "Bell"
  },
  {
    "value": "[Bicycle Bell]",
    "text": "Bicycle Bell"
  },
  {
    "value": "[Birds Chirping]",
    "text": "Birds Chirping"
  },
  {
    "value": "[Birds in Flight]",
    "text": "Birds in Flight"
  },
  {
    "value": "[Birds in Park]",
    "text": "Birds in Park"
  },
  {
    "value": "[Birdsong]",
    "text": "Birdsong"
  },
  {
    "value": "[Breeze Through Trees]",
    "text": "Breeze Through Trees"
  },
  {
    "value": "[Busy Airport]",
    "text": "Busy Airport"
  },
  {
    "value": "[Busy Cafe]",
    "text": "Busy Cafe"
  },
  {
    "value": "[Busy City Square]",
    "text": "Busy City Square"
  },
  {
    "value": "[Busy Kitchen]",
    "text": "Busy Kitchen"
  },
  {
    "value": "[Busy Shopping Mall]",
    "text": "Busy Shopping Mall"
  },
  {
    "value": "[Busy Train Station]",
    "text": "Busy Train Station"
  },
  {
    "value": "[Calm Countryside]",
    "text": "Calm Countryside"
  },
  {
    "value": "[Calm Ocean]",
    "text": "Calm Ocean"
  },
  {
    "value": "[Campfire Crackling]",
    "text": "Campfire Crackling"
  },
  {
    "value": "[Cannon Fire]",
    "text": "Cannon Fire"
  },
  {
    "value": "[Car Horn]",
    "text": "Car Horn"
  },
  {
    "value": "[Carnival Ambience]",
    "text": "Carnival Ambience"
  },
  {
    "value": "[Cat Meow]",
    "text": "Cat Meow"
  },
  {
    "value": "[Chains Rattling]",
    "text": "Chains Rattling"
  },
  {
    "value": "[Chainsaw]",
    "text": "Chainsaw"
  },
  {
    "value": "[Champagne Cork Pop]",
    "text": "Champagne Cork Pop"
  },
  {
    "value": "[Character Grunt]",
    "text": "Character Grunt"
  },
  {
    "value": "[Children Playing]",
    "text": "Children Playing"
  },
  {
    "value": "[Choir Singing]",
    "text": "Choir Singing"
  },
  {
    "value": "[Church Bells]",
    "text": "Church Bells"
  },
  {
    "value": "[Church Bells]",
    "text": "Church Bells"
  },
  {
    "value": "[City Park]",
    "text": "City Park"
  },
  {
    "value": "[City Skyline]",
    "text": "City Skyline"
  },
  {
    "value": "[City Skyline]",
    "text": "City Skyline"
  },
  {
    "value": "[City Traffic]",
    "text": "City Traffic"
  },
  {
    "value": "[Clapping]",
    "text": "Clapping"
  },
  {
    "value": "[Clock Alarm]",
    "text": "Clock Alarm"
  },
  {
    "value": "[Clock Ticking]",
    "text": "Clock Ticking"
  },
  {
    "value": "[Code Compilation]",
    "text": "Code Compilation"
  },
  {
    "value": "[Code Debugging]",
    "text": "Code Debugging"
  },
  {
    "value": "[Coin Drop]",
    "text": "Coin Drop"
  },
  {
    "value": "[Computer Beeps]",
    "text": "Computer Beeps"
  },
  {
    "value": "[Computer Fan]",
    "text": "Computer Fan"
  },
  {
    "value": "[Computer Startup]",
    "text": "Computer Startup"
  },
  {
    "value": "[Computer Virus]",
    "text": "Computer Virus"
  },
  {
    "value": "[Concert Hall]",
    "text": "Concert Hall"
  },
  {
    "value": "Lyrics by [Your Name] © 2024",
    "text": "Copyright Stamp 1"
  },
  {
    "value": "© 2024 [Your Name]",
    "text": "Copyright Stamp 2"
  },
  {
    "value": "[Your Name] - All rights reserved, 2024",
    "text": "Copyright Stamp 3"
  },
  {
    "value": "[Coughing]",
    "text": "Coughing"
  },
  {
    "value": "[Country Bar]",
    "text": "Country Bar"
  },
  {
    "value": "[Country Fair]",
    "text": "Country Fair"
  },
  {
    "value": "[Country Road]",
    "text": "Country Road"
  },
  {
    "value": "[Cow Mooing]",
    "text": "Cow Mooing"
  },
  {
    "value": "[Crackling Fire]",
    "text": "Crackling Fire"
  },
  {
    "value": "[Crickets Chirping]",
    "text": "Crickets Chirping"
  },
  {
    "value": "[Critical Hit]",
    "text": "Critical Hit"
  },
  {
    "value": "[Crowd Cheering]",
    "text": "Crowd Cheering"
  },
  {
    "value": "[Crowded Marketplace]",
    "text": "Crowded Marketplace"
  },
  {
    "value": "[Crows Cawing]",
    "text": "Crows Cawing"
  },
  {
    "value": "[Cybernetic Organism]",
    "text": "Cybernetic Organism"
  },
  {
    "value": "[Cyberspace]",
    "text": "Cyberspace"
  },
  {
    "value": "[Cymbal Crash]",
    "text": "Cymbal Crash"
  },
  {
    "value": "[Cymbal Roll]",
    "text": "Cymbal Roll"
  },
  {
    "value": "[Damage Taken]",
    "text": "Damage Taken"
  },
  {
    "value": "[Data Backup]",
    "text": "Data Backup"
  },
  {
    "value": "[Data Corruption]",
    "text": "Data Corruption"
  },
  {
    "value": "[Data Packet]",
    "text": "Data Packet"
  },
  {
    "value": "[Data Transfer]",
    "text": "Data Transfer"
  },
  {
    "value": "[Death Scream]",
    "text": "Death Scream"
  },
  {
    "value": "[Defeat Groan]",
    "text": "Defeat Groan"
  },
  {
    "value": "[Desert Wind]",
    "text": "Desert Wind"
  },
  {
    "value": "[Dial Tone]",
    "text": "Dial Tone"
  },
  {
    "value": "[Digital Alarm]",
    "text": "Digital Alarm"
  },
  {
    "value": "[Digital Beeping]",
    "text": "Digital Beeping"
  },
  {
    "value": "[Digital Echo]",
    "text": "Digital Echo"
  },
  {
    "value": "[Digital Footprint]",
    "text": "Digital Footprint"
  },
  {
    "value": "[Digital Hums]",
    "text": "Digital Hums"
  },
  {
    "value": "[Digital Rain]",
    "text": "Digital Rain"
  },
  {
    "value": "[Digital Surveillance]",
    "text": "Digital Surveillance"
  },
  {
    "value": "[Distant Traffic]",
    "text": "Distant Traffic"
  },
  {
    "value": "[Dog Bark]",
    "text": "Dog Bark"
  },
  {
    "value": "[Dog Park]",
    "text": "Dog Park"
  },
  {
    "value": "[Dolphin Chatter]",
    "text": "Dolphin Chatter"
  },
  {
    "value": "[Door Closing]",
    "text": "Door Closing"
  },
  {
    "value": "[Door Knock]",
    "text": "Door Knock"
  },
  {
    "value": "[Door Opening]",
    "text": "Door Opening"
  },
  {
    "value": "[Door Slam]",
    "text": "Door Slam"
  },
  {
    "value": "[Doorbell]",
    "text": "Doorbell"
  },
  {
    "value": "[Drum Roll]",
    "text": "Drum Roll"
  },
  {
    "value": "[Eagle Screech]",
    "text": "Eagle Screech"
  },
  {
    "value": "[Echo]",
    "text": "Echo"
  },
  {
    "value": "[Eerie Swamp]",
    "text": "Eerie Swamp"
  },
  {
    "value": "[Electric Buzz]",
    "text": "Electric Buzz"
  },
  {
    "value": "[Electricity Crackling]",
    "text": "Electricity Crackling"
  },
  {
    "value": "[Encryption]",
    "text": "Encryption"
  },
  {
    "value": "[Energy Blast]",
    "text": "Energy Blast"
  },
  {
    "value": "[Energy Charge]",
    "text": "Energy Charge"
  },
  {
    "value": "[Error Message]",
    "text": "Error Message"
  },
  {
    "value": "[Explosion]",
    "text": "Explosion"
  },
  {
    "value": "[Explosion]",
    "text": "Explosion"
  },
  {
    "value": "[Farm Animals]",
    "text": "Farm Animals"
  },
  {
    "value": "[Ferry Horn]",
    "text": "Ferry Horn"
  },
  {
    "value": "[Fire Crackling]",
    "text": "Fire Crackling"
  },
  {
    "value": "[Fireball]",
    "text": "Fireball"
  },
  {
    "value": "[Firewall Breach]",
    "text": "Firewall Breach"
  },
  {
    "value": "[Fireworks]",
    "text": "Fireworks"
  },
  {
    "value": "[Fishing Reel]",
    "text": "Fishing Reel"
  },
  {
    "value": "[Foggy Marsh]",
    "text": "Foggy Marsh"
  },
  {
    "value": "[Foghorn]",
    "text": "Foghorn"
  },
  {
    "value": "[Footstep]",
    "text": "Footstep"
  },
  {
    "value": "[Footsteps]",
    "text": "Footsteps"
  },
  {
    "value": "[Forest Creek]",
    "text": "Forest Creek"
  },
  {
    "value": "[Frog Croaking]",
    "text": "Frog Croaking"
  },
  {
    "value": "[Frozen Lake]",
    "text": "Frozen Lake"
  },
  {
    "value": "[Gasping]",
    "text": "Gasping"
  },
  {
    "value": "[Gentle Stream]",
    "text": "Gentle Stream"
  },
  {
    "value": "[Ghostly Moans]",
    "text": "Ghostly Moans"
  },
  {
    "value": "[Ghostly Whisper]",
    "text": "Ghostly Whisper"
  },
  {
    "value": "[Giggling]",
    "text": "Giggling"
  },
  {
    "value": "[Glass Shattering]",
    "text": "Glass Shattering"
  },
  {
    "value": "[Glitch]",
    "text": "Glitch"
  },
  {
    "value": "[Gong]",
    "text": "Gong"
  },
  {
    "value": "[Grenade Throw]",
    "text": "Grenade Throw"
  },
  {
    "value": "[Guitar Strum]",
    "text": "Guitar Strum"
  },
  {
    "value": "[Gun Reload]",
    "text": "Gun Reload"
  },
  {
    "value": "[Gunshot]",
    "text": "Gunshot"
  },
  {
    "value": "[Hacking Sequence]",
    "text": "Hacking Sequence"
  },
  {
    "value": "[Harp Music]",
    "text": "Harp Music"
  },
  {
    "value": "[Haunted Forest]",
    "text": "Haunted Forest"
  },
  {
    "value": "[Haunted House]",
    "text": "Haunted House"
  },
  {
    "value": "[Health Decrease]",
    "text": "Health Decrease"
  },
  {
    "value": "[Heartbeat]",
    "text": "Heartbeat"
  },
  {
    "value": "[Helicopter]",
    "text": "Helicopter"
  },
  {
    "value": "[Helium Voice]",
    "text": "Helium Voice"
  },
  {
    "value": "[Horse Galloping]",
    "text": "Horse Galloping"
  },
  {
    "value": "[Ice Cracking]",
    "text": "Ice Cracking"
  },
  {
    "value": "[Ice Cream Truck]",
    "text": "Ice Cream Truck"
  },
  {
    "value": "[Internet Dial-up]",
    "text": "Internet Dial-up"
  },
  {
    "value": "[Item Drop]",
    "text": "Item Drop"
  },
  {
    "value": "[Item Use]",
    "text": "Item Use"
  },
  {
    "value": "[Jazz Club]",
    "text": "Jazz Club"
  },
  {
    "value": "[Jingle]",
    "text": "Jingle"
  },
  {
    "value": "[Jungle Ambience]",
    "text": "Jungle Ambience"
  },
  {
    "value": "[Keyboard Clicks]",
    "text": "Keyboard Clicks"
  },
  {
    "value": "[Keyboard Smash]",
    "text": "Keyboard Smash"
  },
  {
    "value": "[Keyboard Typing]",
    "text": "Keyboard Typing"
  },
  {
    "value": "[Laser Gun]",
    "text": "Laser Gun"
  },
  {
    "value": "[Laser Shot]",
    "text": "Laser Shot"
  },
  {
    "value": "[Laughing]",
    "text": "Laughing"
  },
  {
    "value": "[Leaves Rustling]",
    "text": "Leaves Rustling"
  },
  {
    "value": "[Library Ambience]",
    "text": "Library Ambience"
  },
  {
    "value": "[Lightning]",
    "text": "Lightning"
  },
  {
    "value": "[Lively Street Market]",
    "text": "Lively Street Market"
  },
  {
    "value": "[Loading Bar]",
    "text": "Loading Bar"
  },
  {
    "value": "[Machine Learning]",
    "text": "Machine Learning"
  },
  {
    "value": "[Magic Attack]",
    "text": "Magic Attack"
  },
  {
    "value": "[Magic Potion]",
    "text": "Magic Potion"
  },
  {
    "value": "[Magic Spell]",
    "text": "Magic Spell"
  },
  {
    "value": "[Magic Wand]",
    "text": "Magic Wand"
  },
  {
    "value": "[Menu Cancel]",
    "text": "Menu Cancel"
  },
  {
    "value": "[Menu Click]",
    "text": "Menu Click"
  },
  {
    "value": "[Menu Confirm]",
    "text": "Menu Confirm"
  },
  {
    "value": "[Menu Scroll]",
    "text": "Menu Scroll"
  },
  {
    "value": "[Moonlit Night]",
    "text": "Moonlit Night"
  },
  {
    "value": "[Motorboat Engine]",
    "text": "Motorboat Engine"
  },
  {
    "value": "[Motorcycle Rev]",
    "text": "Motorcycle Rev"
  },
  {
    "value": "[Mountain Cabin]",
    "text": "Mountain Cabin"
  },
  {
    "value": "[Mountain Peak]",
    "text": "Mountain Peak"
  },
  {
    "value": "[Mountain Stream]",
    "text": "Mountain Stream"
  },
  {
    "value": "[Mouse Click]",
    "text": "Mouse Click"
  },
  {
    "value": "[Network Disconnect]",
    "text": "Network Disconnect"
  },
  {
    "value": "[Nighttime Crickets]",
    "text": "Nighttime Crickets"
  },
  {
    "value": "[Ocean Sunset]",
    "text": "Ocean Sunset"
  },
  {
    "value": "[Ocean Waves]",
    "text": "Ocean Waves"
  },
  {
    "value": "[Ocean Waves]",
    "text": "Ocean Waves"
  },
  {
    "value": "[Office Ambience]",
    "text": "Office Ambience"
  },
  {
    "value": "[Opera House]",
    "text": "Opera House"
  },
  {
    "value": "[Opera Singer]",
    "text": "Opera Singer"
  },
  {
    "value": "[Peaceful Meadow]",
    "text": "Peaceful Meadow"
  },
  {
    "value": "[Peaceful Riverbank]",
    "text": "Peaceful Riverbank"
  },
  {
    "value": "[Piano Music]",
    "text": "Piano Music"
  },
  {
    "value": "[Pigeon Cooing]",
    "text": "Pigeon Cooing"
  },
  {
    "value": "[Pixelated Explosion]",
    "text": "Pixelated Explosion"
  },
  {
    "value": "[Police Radio]",
    "text": "Police Radio"
  },
  {
    "value": "[Police Siren]",
    "text": "Police Siren"
  },
  {
    "value": "[Police Whistle]",
    "text": "Police Whistle"
  },
  {
    "value": "[Power Surge]",
    "text": "Power Surge"
  },
  {
    "value": "[Power-Up Collect]",
    "text": "Power-Up Collect"
  },
  {
    "value": "[Prairie Wind]",
    "text": "Prairie Wind"
  },
  {
    "value": "[Program Execution]",
    "text": "Program Execution"
  },
  {
    "value": "[Quiet Countryside]",
    "text": "Quiet Countryside"
  },
  {
    "value": "[Quiet Forest Glade]",
    "text": "Quiet Forest Glade"
  },
  {
    "value": "[Quiet Village]",
    "text": "Quiet Village"
  },
  {
    "value": "[Race Car]",
    "text": "Race Car"
  },
  {
    "value": "[Rain]",
    "text": "Rain"
  },
  {
    "value": "[Rain Shower]",
    "text": "Rain Shower"
  },
  {
    "value": "[Rainforest Ambience]",
    "text": "Rainforest Ambience"
  },
  {
    "value": "[Robot Sounds]",
    "text": "Robot Sounds"
  },
  {
    "value": "[Robotic Movement]",
    "text": "Robotic Movement"
  },
  {
    "value": "[Robotic Voice]",
    "text": "Robotic Voice"
  },
  {
    "value": "[Rocket Launch]",
    "text": "Rocket Launch"
  },
  {
    "value": "[Rooster Crow]",
    "text": "Rooster Crow"
  },
  {
    "value": "[Running Water]",
    "text": "Running Water"
  },
  {
    "value": "[Rushing River]",
    "text": "Rushing River"
  },
  {
    "value": "[Rustling Cornfield]",
    "text": "Rustling Cornfield"
  },
  {
    "value": "[Savanna Plains]",
    "text": "Savanna Plains"
  },
  {
    "value": "[Seagulls at Beach]",
    "text": "Seagulls at Beach"
  },
  {
    "value": "[Seaside Pier]",
    "text": "Seaside Pier"
  },
  {
    "value": "[Secluded Beach]",
    "text": "Secluded Beach"
  },
  {
    "value": "[Sheep Baa]",
    "text": "Sheep Baa"
  },
  {
    "value": "[Siren]",
    "text": "Siren"
  },
  {
    "value": "[Snake Hiss]",
    "text": "Snake Hiss"
  },
  {
    "value": "[Sneezing]",
    "text": "Sneezing"
  },
  {
    "value": "[Snoring]",
    "text": "Snoring"
  },
  {
    "value": "[Snowfall]",
    "text": "Snowfall"
  },
  {
    "value": "[Software Update]",
    "text": "Software Update"
  },
  {
    "value": "[Soothing Waterfall]",
    "text": "Soothing Waterfall"
  },
  {
    "value": "[Space Ambience]",
    "text": "Space Ambience"
  },
  {
    "value": "[Spacecraft]",
    "text": "Spacecraft"
  },
  {
    "value": "[Spoken Word]",
    "text": "Spoken Word"
  },
  {
    "value": "[Spring Awakening]",
    "text": "Spring Awakening"
  },
  {
    "value": "[Spring Delight]",
    "text": "Spring Delight"
  },
  {
    "value": "[Spring Meadow]",
    "text": "Spring Meadow"
  },
  {
    "value": "[Spring Rain]",
    "text": "Spring Rain"
  },
  {
    "value": "[Spring Reverie]",
    "text": "Spring Reverie"
  },
  {
    "value": "[Springtime Joy]",
    "text": "Springtime Joy"
  },
  {
    "value": "[Squeaky Toy]",
    "text": "Squeaky Toy"
  },
  {
    "value": "[Starlit Night]",
    "text": "Starlit Night"
  },
  {
    "value": "[Steam Train]",
    "text": "Steam Train"
  },
  {
    "value": "[Street Corner Music]",
    "text": "Street Corner Music"
  },
  {
    "value": "[Street Musicians]",
    "text": "Street Musicians"
  },
  {
    "value": "[Submarine Dive]",
    "text": "Submarine Dive"
  },
  {
    "value": "[Suburban Neighborhood]",
    "text": "Suburban Neighborhood"
  },
  {
    "value": "[Subway Station]",
    "text": "Subway Station"
  },
  {
    "value": "[Summer Affection]",
    "text": "Summer Affection"
  },
  {
    "value": "[Summer Beach]",
    "text": "Summer Beach"
  },
  {
    "value": "[Summer Breeze]",
    "text": "Summer Breeze"
  },
  {
    "value": "[Summer Campfire]",
    "text": "Summer Campfire"
  },
  {
    "value": "[Summer Dream]",
    "text": "Summer Dream"
  },
  {
    "value": "[Summer Harmony]",
    "text": "Summer Harmony"
  },
  {
    "value": "[Summer Night]",
    "text": "Summer Night"
  },
  {
    "value": "[Summer Serenade]",
    "text": "Summer Serenade"
  },
  {
    "value": "[Summer Sunset]",
    "text": "Summer Sunset"
  },
  {
    "value": "[Summer Thunderstorm]",
    "text": "Summer Thunderstorm"
  },
  {
    "value": "[Sunny Day]",
    "text": "Sunny Day"
  },
  {
    "value": "[Sunrise in the City]",
    "text": "Sunrise in the City"
  },
  {
    "value": "[Sword Swing]",
    "text": "Sword Swing"
  },
  {
    "value": "[System Crash]",
    "text": "System Crash"
  },
  {
    "value": "[System Reboot]",
    "text": "System Reboot"
  },
  {
    "value": "[Telephone Ringing]",
    "text": "Telephone Ringing"
  },
  {
    "value": "[Thunder]",
    "text": "Thunder"
  },
  {
    "value": "[Thunderstorm]",
    "text": "Thunderstorm"
  },
  {
    "value": "[Thunderstorm]",
    "text": "Thunderstorm"
  },
  {
    "value": "[Tiger Roar]",
    "text": "Tiger Roar"
  },
  {
    "value": "[Tornado]",
    "text": "Tornado"
  },
  {
    "value": "[Tornado Siren]",
    "text": "Tornado Siren"
  },
  {
    "value": "[Touchscreen Swipe]",
    "text": "Touchscreen Swipe"
  },
  {
    "value": "[Train Passing]",
    "text": "Train Passing"
  },
  {
    "value": "[Train Wheels]",
    "text": "Train Wheels"
  },
  {
    "value": "[Train Whistle]",
    "text": "Train Whistle"
  },
  {
    "value": "[Trap Trigger]",
    "text": "Trap Trigger"
  },
  {
    "value": "[Treasure Chest]",
    "text": "Treasure Chest"
  },
  {
    "value": "[Trickling Brook]",
    "text": "Trickling Brook"
  },
  {
    "value": "[Tropical Rainforest]",
    "text": "Tropical Rainforest"
  },
  {
    "value": "[Typewriter]",
    "text": "Typewriter"
  },
  {
    "value": "[Underground Cave]",
    "text": "Underground Cave"
  },
  {
    "value": "[Underground River]",
    "text": "Underground River"
  },
  {
    "value": "[Underwater]",
    "text": "Underwater"
  },
  {
    "value": "[Underwater Bubbles]",
    "text": "Underwater Bubbles"
  },
  {
    "value": "[Urban Park]",
    "text": "Urban Park"
  },
  {
    "value": "[Vehicle Engine]",
    "text": "Vehicle Engine"
  },
  {
    "value": "[Victory Cheer]",
    "text": "Victory Cheer"
  },
  {
    "value": "[Violent Wind]",
    "text": "Violent Wind"
  },
  {
    "value": "[Violin Music]",
    "text": "Violin Music"
  },
  {
    "value": "[Virtual Assistant]",
    "text": "Virtual Assistant"
  },
  {
    "value": "[Virtual Reality]",
    "text": "Virtual Reality"
  },
  {
    "value": "[Water Droplet]",
    "text": "Water Droplet"
  },
  {
    "value": "[Water Splash]",
    "text": "Water Splash"
  },
  {
    "value": "[Waterfall]",
    "text": "Waterfall"
  },
  {
    "value": "[Whale Song]",
    "text": "Whale Song"
  },
  {
    "value": "[Whale Song]",
    "text": "Whale Song"
  },
  {
    "value": "[Whip Crack]",
    "text": "Whip Crack"
  },
  {
    "value": "[Whip Whirl]",
    "text": "Whip Whirl"
  },
  {
    "value": "[Whispering]",
    "text": "Whispering"
  },
  {
    "value": "[Whispering Wind]",
    "text": "Whispering Wind"
  },
  {
    "value": "[Whispers in the Wind]",
    "text": "Whispers in the Wind"
  },
  {
    "value": "[Whistle Blowing]",
    "text": "Whistle Blowing"
  },
  {
    "value": "[Whistling]",
    "text": "Whistling"
  },
  {
    "value": "[Wind Blowing]",
    "text": "Wind Blowing"
  },
  {
    "value": "[Wind Chimes]",
    "text": "Wind Chimes"
  },
  {
    "value": "[Wind Rustling]",
    "text": "Wind Rustling"
  },
  {
    "value": "[Window Breaking]",
    "text": "Window Breaking"
  },
  {
    "value": "[Windy Cliffs]",
    "text": "Windy Cliffs"
  },
  {
    "value": "[Winter Blizzard]",
    "text": "Winter Blizzard"
  },
  {
    "value": "[Winter Forest]",
    "text": "Winter Forest"
  },
  {
    "value": "[Winter Lullaby]",
    "text": "Winter Lullaby"
  },
  {
    "value": "[Winter Melody]",
    "text": "Winter Melody"
  },
  {
    "value": "[Winter Silence]",
    "text": "Winter Silence"
  },
  {
    "value": "[Winter Solitude]",
    "text": "Winter Solitude"
  },
  {
    "value": "[Winter Wind]",
    "text": "Winter Wind"
  },
  {
    "value": "[Winter Wonderland]",
    "text": "Winter Wonderland"
  },
  {
    "value": "[Wolf Howl]",
    "text": "Wolf Howl"
  },
  {
    "value": "[Wolf Noise]",
    "text": "Wolf Noise"
  }
]
