{
  "expo": {
    "name": "suno-ma-ai",
    "slug": "suno-ma-ai",
    "version": "1.1.5",
    "orientation": "portrait",
    "icon": "./assets/icon.png",
    "userInterfaceStyle": "light",
    "splash": {
      "image": "./assets/splash.png",
      "resizeMode": "contain",
      "backgroundColor": "#ffffff"
    },
    "ios": {
      "supportsTablet": true,
      "infoPlist": {
        "UIBackgroundModes": [
          "audio"
        ]
      }
    },
    "android": {
      "adaptiveIcon": {
        "foregroundImage": "./assets/adaptive-icon.png",
        "backgroundColor": "#ffffff"
      },
      "intentFilters": [
        {
          "action": "VIEW",
          "autoVerify": true,
          "data": [
            {
              "scheme": "https",
              "host": "*.suno.com",
              "pathPrefix": "/"
            },
            {
              "scheme": "https",
              "host": "*.suno.ai",
              "pathPrefix": "/"
            },
            {
              "scheme": "https",
              "host": "*.suno.ma",
              "pathPrefix": "/"
            },
            {
              "scheme": "suno",
              "host": "*"
            }
          ],
          "category": [
            "BROWSABLE",
            "DEFAULT"
          ]
        }
      ],
      "permissions": [
        "android.permission.WAKE_LOCK",
        "android.permission.RECORD_AUDIO",
        "android.permission.MODIFY_AUDIO_SETTINGS"
      ],
      "backgroundModes": [
        "heartbeat"
      ],
      "entryPoint": {
        "android": "AppEntry"
      },
      "backgroundFetch": {
        "enabled": true
      },
      "audioBackgroundMode": "playable",
      "package": "com.wino.suno.ma"
    },
    "web": {
      "favicon": "./assets/favicon.png"
    },
    "plugins": [
      [
        "expo-av",
        {
          "microphonePermission": "Allow Suno to access your microphone."
        }
      ]
    ],
    "extra": {
      "eas": {
        "projectId": "66836bf5-91ad-4b3a-ad3e-a6794b3487ba"
      }
    }
  }
}