[
  { "name": "tamazight Abamran", "style": "tamazight", "id": "8a2f38b9-651e-40a3-a211-a488a12056a0", "time": 55
  },
  { "name": "izanzaren", "style": "tamazight", "id": "3932a45e-2e9a-4027-bdef-c78fa8d1d78e", "time": 55
  },
  { "name": "cha3bi", "style": "chaabi Morocco", "id": "ab807343-3214-44f1-a192-bce0f5987e06", "time": 26
  },
  { "name": "rap mbs", "style": "rap", "id": "96b22b35-e915-45a3-8d35-6b33d8c8dc45", "time": 46
  },
  { "name": "jatni briya", "style": "guitar", "id": "9607caee-464b-4fc2-aa29-5d2a889846e3", "time": 56
  },
  { "name": "tamazight amantag", "style": "tamazight", "id": "86000d67-eb0c-4f4a-8dda-d22587d730a2", "time": 58
  },
  { "name": "omar faruk ", "style": "oriental", "id": "095b2a70-ffc9-45f8-a490-5fc8ce7f9e85", "time": 56
  },
  { "name": "saufi", "style": "oriental", "id": "9d44b216-e01c-43e4-b6ae-8ea3f4bda51d", "time": 56
  },
  { "name": "quadro", "style": "bizar", "id": "e0cebdb0-9ab3-48b7-b30d-487864d6fe88", "time": 53
  },
  { "name": "ali khan", "style": "penjabi", "id": "255c209a-3673-454c-94b0-ca611e73f6b2", "time": 56
  }
]